name,channel_id,description
5STAR NAIROBI MUSIC ACADEMY,UCjry95m1BJizBQM8CB-tcng,"We are the best Music School in Kenya committed to fulfilling dreams and hidden talents.We offer Guitar, Piano, Vocals, Violin, Saxophone, Drums, Deejay and Production lessons.
Location; Development House Moi Avenue 12th floor.
Nairobi, Kenya.
+254722 831589,

Ruth Matete Music Academy was founded by Tusker Project Fame 5 winner and acclaimed musician Ruth Matete. This is the best music school in Kenya. Come learn how to play musical instruments and voice coaching from the best music instructors in Kenya.

We also have a Studio where you can produce music both in Audio and Video format. 

Follow us on social media

https://www.facebook.com/ruthmatetemusicacademy/
http://matetemusicacademy.com/
https://www.instagram.com/ruthmatetemusicacademy/
https://twitter.com/hashtag/RuthMateteMusicAcademy?src=hash

Ruth Matete Music Academy | There is a star in you."
Abbas Kubaff,UCf5bBfrJIESRONRADe7XBtA,"The official home channel of Kenyan hip hop artist Abbas Kubaff. From the days of K-South to the present, Abbas' music videos are all bought together in one place for fans to enjoy."
ABSENCE OF LIGHT,UCfshy73dZJqp-OmSGPZ_gjg,"ABSENCE OF LIGHT is an Extreme Metal Act, Consisting a trio from the Indian Ancestry, Playing a mix of Death/Black Metal."
Akothee Kenya,UC8NZHJl-gfDZxbBvmL0vCXQ,Independent African Queen ready to take you places both emotionally & physically with her performances. For bookings: bookings@akothee.com
antoneosoul,UC_VMOo10q4SUmxkNLdcIqzw,"Kenya‚Äôs finest vocalist 
Award Winning Musician
Tv & Radio Personality
Provocateur 
Fashion Icon"
Arrow Bwoy,UC4JBX96jt6EtoRhJyGglGKQ,
Atemi Music,UC2MogzH-9tzMa6GLdvupuUw,"Atemi is a Vocal artiste, budding pianist, teacher, lover of all things chocolate, daughter of the most high God. 
Welcome To My Channel I Hope You Will Enjoy The Music"
ATL Entertainment Kenya,UCDRiMPAp9qKtWQJfspqjcAA,"ATL ENT is a music and video production house based in Kasarani (Hunters) - Nairobi. 
For audio or video production contact Richie on: +254-714525296"
Atwal Music,UC9E5ER8gFtGYwoebQaqkktQ,"Atwal Music is a label dedicated to providing each and every fan with a state of the art, enjoyable experience."
Avril Kenya,UCJNJg2FZ0MXNo3R383ASXQA,"Singer, Songwriter, Recording and Performing Artist"
Bahati Kenya,UC2O6vD7gjgZIXKVegD6qOHA,
Best Of 2000's Kenyan Music,UC5idveCOr4blEK4F6-RRuTA,"Here you'll find all the Kenyan urban hit songs going back to the early 2000's.Genge,Kapuka,Rap,RnB,you name it we've got it up on the channel.We take audio quality seriously thus all the tracks you'll find on our channel are nothing but studio quality.So sit back,relax and feel the nostalgia."
Blinky Bill Music,UCebDdgU4ruSBMHuPqCfmk8A,
BlinkyBillVEVO,UCIK2gJ5x8QNEKX946G4HRsw,
Bobby Mapesa,UCFGNQ6PpRlmLEIUHm7KDCog,
boombavideo,UCdY_sps688Fs9qOcTSLAUcg,"THESE ARE A SAMPLE OF  MUSIC VIDEOS PRODUCED BY BOOMBA PICTURES ,DIRECTED BY THOME"
Camp Mulla Official,UCbXdW58VINg02xBnikaSbDQ,"Camp Mulla is an alternative hip hop group originating from and based in Nairobi, Kenya. The group rose to prominence with the release of their debut single ""Party Don't Stop"" on 31 August 2010, with that and their subsequent works earning them a nomination for Best International Act (Africa) at the 2012 BET Awards. Following their release of their debut studio album, Funky Town, the group members seperated to pursue solo careers. Following suit, fast forward  2017, Camp Mulla members reunite to create a new music album and projects for the fans. #Mulla17"
Cece Sagini,UCrU1i4fddBBXhQkNygqsdDw,The official YouTube channel for Cece Sagini. Download her latest Single 9 to 5
Charisma TV,UCaTYJcqWO4Y9e_-2nsDlmYA,Kenyan musician Fidel Shammah known as Charisma aka Luhya heat and Mr Sababisha is a pop artist who loves to fuse different influences he had growing up to his very own eclectic African sound. This is his audio and visual space
COLLO MFALME,UCxlKBom1kF0rn-OLxQDp0wA,Established in Faith
COOLA GANG,UCguymwiqiOWgLJ_QtHr3OPQ,4BARZ/COOLAGANG
CoolaGangVEVO,UCBNxnXKcF76pm7SQlIfYJBw,
Cosmic Homies,UCmcEa1QjVJFZkI3VaqfO4Pg,
Cr3wTeflonVEVO,UCpOqLGX8PIn2XmnrHlJQ1uw,
crystalaxismusic1,UCqZaIBe6ihpJ8esDGFvrgRA,African punk band from Kenya here to tell the truth about the world and people as a whole.
Dan Aceda,UC924kCgLPht5dr-D8wDQk4A,
DanAcedaVEVO,UCdraYXAXeagVLY7jMW21g9Q,
DandoraMusic,UC5KUKS7EO0gNJUBTh7GDWoA,"Dandora Music is a group of young, passionate, energetic, creative and talented musicians from Dandora, Nairobi-Kenya. Their musical journey began in the year 2012 after successfully graduating from Dandora Music School. Being the first students to graduate from the music school, they formed a group and called themselves ""Dandora Music"". The group consists of 5 boys and 1 girl. Out of the 6 members, 2 are adults: Francis Demesi aka Franso Kenya and Chris Oyola aka Krizey. The rest are teenagers, between the ages of 13- 15 years old. All the members of the group were born and raised in Dandora, growing up in harsh conditions faced with extreme poverty as they were from low-income families striving to make ends meet."
Dela,UC8g0U8zvumFRkdy_ZQu3MqQ,"Dela is a Kenyan afro pop musician. She is the singer of such hit songs as Weche Tek and Ulivyo which have been very popular with lovers of African music.

She is also a passionate dancer.

This Channel, Delamuziki, is where Dela shares her journey and passion for music and dance."
DJ Joe Mfalme,UCkGYj_u6XD788AoNWcKmwZQ,"I AM THE PARTY
#JoeMfalmeLive
Connecting people through music."
DNA_Mister Dreams,UC_0JiwhK7DwE5Q-NVRuZrgw,
Eko Dydda,UCpsWoj5nDEimQCQhDpyOnEg,Me
Elizabeth Nahna,UCsoY_meGQS__6p1F3HfHJUQ,
enos olik,UCX-9DftA7FWtGC4nZpcZlYw,"Film maker,D.O.P,Songwriter,VFX Artist,Cinematographer and Photographer"
Essen Music,UC9mlwA7H2AbdTX7KeZbKdfw,"Essen Music is Kenya's Premier Record Label dedicated to transforming the Kenyan musical landscape one hit song at a time. We truly believe that Kenyan music has immense potential and that Kenyan musicians are among the best in the world. We therefore want to be a part of taking Kenyan music to international standards. Our artists are diverse, gifted in Swahili RnB, Afro Pop, Afro Beat, Bongo Flava and Hip Hop among others. Watch out for the Kenyan musical projects we are dropping in 2018"
ETHIC ENTERTAINMENT,UCOEK9oW_VYDHbX3qwT4JMyQ,
Fena Gitu,UCmBsqNZEs2KF7PfZvXLd69A,The official channel for music and all music related content by the fenamenal woman Fena Gitu.
Finalkut,UCAbKebxk_lS4ABE7GlJBdfg,Dj Finalkut's Official YouTube Channel. Discover the Freshest HipHop Songs In Africa.
Fred Ombako,UCJfJXTXgyCIa-Z2djYo8OZg,"This channel is all about music. Music from the Western side of Kenya, mostly Luo and luhya songs. Thus, you are welcome here for benga, rhumba, isikuti, nyatiti and ohangla. If you are an artist and you would like your music shared to the world for purposes of marketing yourself, reach out to me and I will help you with that, free of charge. If you know any artist whose music you like and would like it online, let me know and I will arrange to avail it here. New artists are most welcome on this platform to market their music."
Gabu P-Unit Official,UCxz3XPcP8TZ-FSWfsYGCiAA,
GILAD,UCaSAaM_y6bOX0DIy_Xry1Mg,"GILAD (Gilad Millo) is an Israeli-Kenyan award winning artists who is best known for his Swahili love songs. Nick named 'King of Love' & 'Balozi Wamapenzi' GILAD is a two time AFRIMA award winner bringing home to Kenya the Best Male in Inspirational Music & the Best Artiste in African Rock awards at the 2017 All Africa Music Awards held in Lagos, Nigeria. A former Israeli Diplomat & corporate executive, who turned full-time musician in 2015 after releasing his debut single ‚ÄòUnajua‚Äô ft Kenyan diva Wendy Kimani. He has since released a full 16-track album entitled ‚ÄòASANTE‚Äô. GILAD has collaborated with artists such as Grammy Award Winner Miri Ben-Ari in addition to some of Kenya's biggest artists, crossing into Tanzania and Uganda as well."
Grandpa Government,UC8Ji9hg-tHE2TCY9Ar68MSQ,
H_art the Band Official,UCFojdS6BpyQwOBeo0I2WNpQ,Where the H_ART lives üíõüíôüíõ
iam frasha,UCgtL7Sr5oEtdRges7sz9hyQ,
JAMHURI EVENTS,UCYYjtJ0AV5Qh52cYvpbtNVg,"Celebrating and sharing African talents with the rest of the world. 
Email : Jamhurifestival@gmail.com
#JamhuriJamSessions

Follow: @jamhurifestival on instagram and Twitter"
JuaCaliGenge,UC9RpPbjGvopVlRQsBAmepjw,I was born Paul Nunda on the 12th of September 1979.I started rapping when I was in Jamhuri high school but I was not that actively involved in music.After finishing school in 1998 thats when I got active into music.I hooked up with Clemo my childhood friend and started calif records in the year 2000.At first I was meant to be a producer and look for guys who would rap.We hooked up with a few guys but things did not work out coz they did not have faith in us.So with pressure from clemo and a few friends I was forced to pick up the mic myself.And in the year 2001 'JUACALI' was born.Basically the name 'JUACALI' comes from my estate. It simply means 'know California' coz so many guys dont know where calif is.I released my first song 'RUKA' a dedication to Calif the same year which to our surprise went on to top the charts
justabandwidth,UCjozfkyuA4nrl71Z5rmC8Sw,"Just A Band - an African electro-pop and visual arts collective. Find out more at http://www.just-a-band.com

Copyright ¬© 2007 - 2014, Just A Band. All Rights Reserved."
Kagwe Mungai,UCX2yZw_y5dGZyuv6zP6lajw,www.kagwemungai.com
KALI,UC_t3qgbGdBjyG_2aP8f1HpQ,Official YouTube Channel of KALI.
kamata group,UCBh4YoTwU0jbT_36E7jVrNw,
Kato Change,UC4utEUn3UQ--zKVPwK-8YRQ,"Kato Change is a self-taught guitarist whose technique was nurtured by an
emerging online community of musicians on YouTube. His self-directed
style draws from a heritage of jazz legends as well as African, Flamenco,
Blues and rock. Kato has been a fellow in several international artist
residencies including OMI (New York) August 2016, Sacatar (Brazil) Jan-
Feb 2017 and U.S Department of State's One beat program. The residency
and tour brings together musical leaders from around the world to develop a
global understanding through collaboration and artistic excellence. He has
been the Lead guitarist in African projects; Tusker Project Fame and Coke
Studio Africa. He has played with Salif Keita, Seun Kuti, King Sunny Ade,
Neyo, Aloe Blacc, Trey Songz, Yemi Alade and Fally Ipupa among others.
In December 2015, Kato released his debut album, 'The Change Experience';
a collaborative journey, with each artist sharing a unique perspective on
creating music."
KAYVO KFORCE,UCvfY3VETjJZVzy3pumPIQwA,K E N Y A N    R A P P E R  üëë
KETEBULMUSIC,UCqU9TmbuHV09Quhgrf7L2HQ,
Kevin Grands,UCvIOx_EFS_I3EvAsuDdYU2A,"Kevin Grands is a rap/hip-hop recording artist from Nairobi, Kenya, under the independent label ID37 Music."
Khaligraph Jones,UCRRSCAz5VJQqJHAIPgFVCxw,
King Kaka,UCGTO34YEPTNMwM3ezPCUCIQ,
Kiu Musik,UCkzHPMgWYl-5oFEc1797DaA,"Kenya's newest girl group.......
Every form of passion in the world starts with drive, a thirst for something more. Through our music, KIU , has chosen to speak to all the passionate people who wish to quench their hearts desire
KIU is the Swahili name for thirst a name we choose as it subtly symbolizes the passion and share for music 
KIU is an all-girl music group comprising of Tracy Barkhita, Rosa Nkatha and Pauline Ayuko. The three belles fuse their talents and voices to form silky harmonies characterized in Afro-Pop, Blues and RnB music."
Kon Tempo,UCs2NMGJ1ph27fnuuLXlPmqg,"a new kenyan sensation music band composed of Oskizz,Getabu,Elmo and Ontegi. A blend of modern music with afro-pop sound ,..a fresh and original sound in the Kenyan Music industry...,"
Kristoff MWB,UCEo1UmAbqAttaob3WDPAHLg,
Kwame Rƒ´gƒ´i,UCWMShlHNTABYP071y3tQx-w,"Singer-songwriter - styles ranges between acappella harmonies, soul as well as African rhythms conveying deepness and a peaceful atmosphere."
Kyki,UC-7h_uzTvfOo5DgT5hyJVTw,Kyki is the most promising Hiphop in 2016.She hails from the coast of Kenya but she has managed to make a name for herself following much of her releases this year including #KukuMwitu  a Diss treack direcred to fellow artists which caught the attention of the media making her an overnight hit.
Le Band,UCiBDLq5DvKQ4IwTVPUQewVA,"3!man KENYAN boy band who specialize in  Pop. 
Like, Share, comment and and be sure to Subscribe
#teamleband"
Lectronica Circle,UCY_kDUpfoqcrUQExsdKTX_g,
lettheragebegin,UCrnDAhYrd6HZnLYgrPoAG8w,"IN OATH began in early 2009 influenced highly by the metal genre; Metalcore but with time, playing shows, gaining subsequent popularity and sampling other types of music, the band decided to improve both in skill,sound and delivery. This gave birth to their First titled E.P 'Eulogy' which was offered as a free digital album download on various social music sites on April 27th 2012. A remastered version was later released via bandcamp http://inoathmetal.bandcamp.com/
Now IN OATH are currently working on an undated Album that dwells along the lines of Death Metal. A step they say which has more openings for maturity into their music.

We are a 4 piece Death metal band from Nairobi,Kenya. We base our music on life experiences and religious themes. Members of the band are: 
Douglas Kihoro - Vocals/Bass 
Larry Kim - Drums
Christopher Lilako 'Yagami' - Guitar

Live Members:
Gregory Limbe - Guitar
Steve Gitau 'Smalls' - Bass"
Linda Entertainment,UCmHbbkhnTyG2SqfVCSMXCKA,"LINDA is best described as the best in the Production of authentic soulful Swahili music and other expressions creating an emotional connection across generations.
 
Watch ""LINDA - Swahili Renditions"" on YouTube:¬†https://www.youtube.com/playlist?list=PLuoSrE0xW1UUXBjt89mL7gXs5Xwksf2gT

Watch ""LINDA - Original Songs/Videos"" on YouTube:¬†https://www.youtube.com/playlist?list=PLuoSrE0xW1UWIgfWmN-4r52tf7D9I5i63

LINDA Introduction & Profile:
https://youtu.be/wTRCLA_9hJE
https://www.facebook.com/254linda/videos/1138682109584214/

facebook.com/254linda
instagram.com/254linda
Twitter.com/LindaTrending¬†
www.linda.co.ke

#HisiaHalisi #254Linda"
Lisa Oduor-Noah,UCANR4fKrcR8oAny5yRFSPVA,
Matamu Music,UCg_gQoEy3tDdUEQJt5-AHkA,Listen to good music.
Mayonde,UCf3EwMhKWM12EV8mX2tmMgg,"MY SOUNDS, MY SOUL, MY WORDS."
MGM _Kenya,UCmOkVEu3ejwQYSkYopFLRwg,
Miss Tee Kenya,UC18FRA0x7kiZXxNSk-9nhBA,
Monski 254,UC9JXxoFsBe5W---7iFEkNzw,"MONSKI  

254 TILL INFINITY"
Morara,UCi3i-BJa5HSS3DUttcWyfDw,Switched Up
Mortal Soul,UCCekeZqAybc0l6xWM0q9Qwg,"Kenyan metal band, making quality metal the way we know best."
Msupa S,UCQPV-wBxFuP7HhaY5B2748Q,Msupa s Queen of hip hop .
Mumala Maloba,UCmckbcr-7BFmBBg_aphl29A,Mumala is a vocalist and a songwriter who has gradually started creating a musical revolution amongst young artists in Nairobi. Her new single ‚ÄòLose Myself‚Äô featuring one of Kenya‚Äôs underrated rappers ‚ÄòRas Uneek‚Äô is a song that was inspired by the fast paced lifestyle of the 21st century. The blend of these two young sensations on this track is explosive and captivating. Mumala proves she is one of Kenya's vocal powerhouses and definitely one of the female vocalists to look out for.
Murfy's fLaw,UCQBLo9irDZmk9L_SLk1aPmg,Murfy's fLaW Official YouTube Channel
Muthoni Drummer Queen,UCaZv3iMTUibHDRyagA5h2HA,"Channel for Muthoni Drummer Queen - Singer, Rapper and Drummer from Nairobi Kenya."
Mwanga Band,UCAxCYaBAIrS-fFUngo0bvBA,Mwanga is a developing community of musicians and digital artists meeting the demand of current ministry opportunities in their world.Mwanga is the swahili word for light. Based in Nairobi Kenya we bring hope and love through our music and art.
MwendaMchizi,UCk19zwiJSNpYNbOqgkow71Q,VIDEO CHANNEL REPRESENTING KENYAN MUSIC FROM MADTRAXX & FRIENDS
Naiboi Worldwide,UCC5BuZ0T74w-01gm5BD71TQ,#Issaproblem
NAMELESS KENYA,UCjNFc8360TekuY2zacw5Piw,"B4iR is basically short for Before I Retire. ""It is a kind of bucket list of all the things I want and must do in the music industry, before I retire. It includes 24 solo songs and my 15 dream collaborations with artists I respect and admire all across the world"" Nameless."
Nazizi Hirji,UCXuvaSfeb9OzCH6QsqL8uwg,
Nelson,UCgtqMu3acOQ7t45jLDzKwTw,"Composer - Epic Music, Atmospheric Black Metal. Harsh vocal covers and random lyric videos can be found here too. \m/,,,"
Njeri Music,UCI4b8PBgQ0aaUOivd9XcwxQ,"Musician, Rapper, Songwriter, Performing & Recording Artist In Kenya."
Noel Nderitu,UCj_KOGOFssflzktZXFZhZ3w,
Nonini MgengeTrue,UCshl2bk3o_WV_h-WSO-nfwA,Nonini is one of Kenya's most famous Urban Music Artistes/Producer/Performer and Originator of Genge Music! Has a Passion for Kenyan Music and the East African Music industry as a whole....
Noti Flow,UC_YBHBlBka7k5vs8rOXljaw,
OCTOPIZZO,UCP1vbe6cL3gmu6edBwUyk_A,"Octopizzo is a Kenyan Hip-hop Artist, Entrepreneur,  Activist and a Refugee Youth Voice Africa.
Visit  www.octopizzo.com for more Info
Download My NEW ALBUM on iTunes  https://itunes.apple.com/us/album/ldpc/id1029215982"
ogopavideo1,UCxLHaCHSvuyB1hw64MTw-JA,showcasing music videos produced by ogopa video and your connection to behind the scenes exclusives in the music and entertainment scene.
Otile Brown Official,UCvA_SWl8Ti3hvbmJyrLFqZQ,Otile Brown is a musician who specializes in contemporary urban kunidzia Music
P-Unit KE,UCyEpIGkrX8prj26Lu70WeGw,
Pacho TV,UCz2QX7r1sOCbB2Rpq950onA,
Padi Wubonn,UCsPAkDXtXXKbsAFZVHuElKA,Happy mode (feel good)
Pascal Tokodi,UC-X2O8FwEJlo4kkg0_ND5qA,"Pascal Tokodi's Official YouTube Channel.

Pascal Tokodi's new single ""African Lady"" is available now for FREE! Download it here: http://pascaltokodi.co.ke"
Pewa Abagenge,UCMMTxeBK3t__GSHRDNWuQVA,
Phy Losophy,UCmhLJ1rghleb40tOfnloFWA,
Pine Creek Records,UCcuUFaYlH_8xEh3KqJFLBoQ,
Rash Band5,UCfYNwS4l_-UAeWM3S5Ytpyw,"RASH are a five piece HARD Rock band from Nairobi, Kenya.

Description
Rash takes the atmosphere and emotion of pink floyd the power and presence of rage against the machine the charm and charisma of muse and a dash of funk and groove from the chilli. Throw that all in a blender and give it a good thrashing for 3-6 minutes and that is Rash.


Band Members:
Manager Mariam ""Maz"" Ahmed
Lead Vocals: Samuel '' Sam Wangi""
Lead guitarist: Maximiliano "" Max"" Filardi
Rhythm guitarist: Abed ""Abedi"" Kariuki
Bassist Sebastian "" Sebass"" Filardi
Drummer Samuel ""Gakosh"" Gakungo"
RasUneek,UC3YBU22j2AUpLUZEswQkkvg,
Rawbeena kenya,UC5IBRTagoB_TpuGQhEZsHQg,
RISH Kenya,UClAKlY6MzkOhdRJMDV14cJg,
Sauti Academy,UCYms36Sb5ebeDLqxc1Qdk-w,"Sauti Academy is Penya Africa's artist development program based in Nairobi, Kenya. We work with young singers who are pursuing a professional musical career and offer voice and performance training, song writing lessons and music business workshops. For more info: www.penya-africa.com"
Sauti Sol,UCBZPPYU_l99Mg6-GXm6xbMg,"Sauti Sol is a Kenyan afro pop band - Bien Aime (vocals & guitar), Polycarp (guitar), Chimano (vocals & saxophone), Mudigi (vocals, percussion & drums)

Sauti Sol's two albums, Mwanzo (2008) and Sol Filosofia (2011). In June 2012, Sauti Sol released Sauti Sol, a self-titled EP and collaborative effort with South African avant-garde innovative rapper/producer Spoek Mathambo. 

Their third studio album, titled Live and Die in Afrika, released online on the 21st November 2015, was available to Sauti Sol fans globally for FREE DOWNLOAD (48 hours) as an early Christmas present. The album was released under their imprint label Sauti Sol Entertainment as a self-produced work by Sauti Sol for Sauti Sol. A total of 400,000 downloads were made during the FREE album DOWNLOAD period."
SERRO,UC3jh2iRv1htIn6gTwVp9-Hw,"Serro is out to tell the African story through her Benga and Jazz-fused Afro-Pop sound. Influenced by Yemi Alade, Dela, Sautisol and Winyo, her sound contains hints of Kenyan traditional folk sounds.

Serro has graced numerous stages, while still pursuing her degree in Music at Kenyatta University. Her larger-than-life stage personna and powerful but fluid voice have made her performances memorable. From Sondeka Festival to Pawa Festival and her own concert (Kasha), she has ended up in the list of ‚ÄúTop 10 Female Artistes to look out for in 2016‚Äù by Kenya Buzz.

By the time she was graduating in 2017 (with first class honours), Serro had shared the stage with award-winning acts such as Sauti Sol, Dela, Wyre and added her mellow vocals to Juma Tutu & the Swahili Jazz Band and Ricky na Marafiki.

The ‚Äòmusical storyteller‚Äô has most recently been added to the Sauti Academy Hall of Fame as one of the outstanding alumnus."
Soulmate Music,UCo26PD2Akh88bgVy34yHjfA,"Soulmate is a duo from Nairobi made up of Nigress and Elijahmoses. The duo was formed in April 2016. Soulmate have recorded one audio track Ndoto Za Mkwanja which is available for streaming on Soundcloud and have also been featured in Who Owns The Crown Ciphers 2, 3, 4, 6 and 7which are available on YouTube. They have performed at The Write Flow Cypher and Rym Gym so far as a group. Elijahmoses has also performed at Blankets and Wine, Sawa Sawa Festival, African Hip hop Caravan, Hip hop hookup, The Realest Hip hop Battle and Who Owns the Crown 2015. They are currently working on their Upcoming Album Hood Moviez which is to drop mid 2017.

CONTACTS
0725695228 / 0789254924
Facebook / Otieno Gracie
Facebook / Elijahmoses 
Instagram / Nigress254
Instagram / Elijahmoz
Twitter / @elijahmozes
Soundcloud / Nigress (soulmate)
Soundcloud/ Elijahmoses (Soulmate)


LINKS
https://soundcloud.com/user-22554500/ndoto-za-mkwanja-soulmate Ndoto za Mkwanja
https://youtu.be/wBgGHNAYF-g?a ‚Äì Who owns the cr"
SUBARU MSANII,UCqq48GwwQOKixvjOIJizXvg,
SUPER SQUAD PRODUCTIONS Roy captain,UC4xIqBMuWxm5F2sli2St4Uw,"SuperSquad productions is a great production stable.We do music High quality music audios,videos & photography.We are the Super Squad Team!"
Suzziah,UCCawd-g69RcJkQklgftmwtQ,Rebel.Feminist.African
Swinky,UC2SykxDoPQAECGFQJ962eBA,Music and general silliness by a Kenyan in Tokyo
Tarus Studios,UCCpjqM14jjCpAaIgUba9-ew,Award winning Motion Design studio based in Kenya.
Tatinomi,UCtJ48FEJMurxtlEBWovz-Tg,Kenyan Hip Hop Artist
TEAMMISTARI,UCU5Q3HgrzuTDnsR1KjsQPxg,Video Production House
The Creme De La Creme,UCSNl9vrsGJJd0n1DH0I-vbQ,"SUPER DJ | PRODUCER | T.V. HOST | ENTERTAINER
New Video Creme De La Creme ft Wahu x Sudi Boy 
https://www.youtube.com/watch?v=lLmQsPohvNI&feature=youtu.be"
Thee MC G'Zay,UCQ0WtcU9kXjUqbAooS9J-Dg,"Lyricist | Voice Over Artist | Content Creator | Audio/Visual Producer | Sound Engineer | Owner & Founder of 
Bookings and info contact informationgzay@gmail.com
+254720295729"
TheLongombas1,UCjOKCgdN78U7zNUf-vDeRJQ,"Longombas is a multi - award winning Afro/pop boy band. Playing a mixture of African Pop , Reggae/Dance hall, R&B, and World music. Band  consists of Christian Longomba, Lovy Longomba, and Armstrong Masengo."
Third Hand Music,UCHdcFY19p6_eiNdslZO9fGw,"We are all born with two hands, but we allow God to add His hand to help us out in all we do - the Third Hand; hence Third Hand Music a.k.a 3HM!
We just make sweet music."
TIMELESS NOEL,UCcrhQ4WucPK_eu-xdymQjOQ,"Timeless Noel is a Passionate Kenyan Choreographer, Hype Man and Dancer. This channel will be uploading the latest dance moves in Kenya and whereabouts of Timeless Noel. Tell a friend ;)"
TIMMY TDAT,UCbnjlxWSpVm2Z7GAz9Dg-nA,
Ulopa BwanaNgoma,UCnw7ZpDj-L0Fp36XYesyRIA,"A musician, songwriter, Composer,singer, producer and C.E.O +founder of Ulopa Ngoma Productions"
versatile Kenya,UCQOyVOG_lxxzmAxOijfab9Q,Finest Dancehall artist in Kenya/Africa! Subscribe
vicmass luodollar,UCBA4IOtdcsAsmGZV4Ec4DUQ,
Viola Karuri,UCjJacmSN-0eBT6kFZLpFnaw,"Musician|Vocalist|Producer| Sound Engineer          

üî∑African Woman üî∂Environmentalist."
VISITA AFRICA,UCEx5VW4Gp3amh0YPUNujF-Q,"AWARD WINNING RECORDING ARTIST, SONG WRITER & MUSIC PRODUCER."
Vivian Kenya Official,UC6rDXNuPbWlPN1MPggYLFkg,
Vj One,UCy5C83CCwexVN_Gh9KC5FmQ,
Wahu Kenya Official,UCTl7wHE4tDgokrrlT7qNvug,
Wanene Entertainment,UCCki-bwaYGoJrdm1-8pfnxQ,
WangechiVEVO,UC4T1g6Uu68exkrY6drzAFrg,
Wapi Nduru Official,UCz_xvr-pDprERckzcRe_bpw,
Wawesh Mjanja,UCH3w7IM9JgWzlR_BAEBqMgw,
WEARECR3WTEFLON,UCvLNWw8l9eK60PtdGYN7NSA,"Cr3w Teflon (CT) was started up in January 2011 by then 16-year old rappers Timmy Tim aka Soulkiid, Ben Vic aka Accurate and Bior aka BG Ace; and later featured singer Kavi on their first EP, 'True Story'. 

Their original mission was to bring out music that would have a lasting positive impact on society.

Some of their notable works to date include:

True Story (2012 / Reissued 2014) - a candid explore of various themes in teen and young adult life presented  in a radio-friendly, general entertainment EP.

The Switchup Mixtape (2014) - featuring outstanding artists in their own right: JK, Young Rome, Twenny 8s, Dope I Mean; IBN Cash, Loel, and Dora.

Africa - (2014) the CT / Dj Kumi collab of , featuring singer Wanjira. Released on Dansant (the Swedish label for electronic dance music).

Thanks for SUBSCRIBING to this channel. You may also visit http://crewteflon.com/#contact and ensign as a SuperFan!"
Wendy Kimani,UCD08JLC5TkJA6YCcXvmajYA,
Willy Paul Msafi,UCgdVgtJQXxebSiSAzlhYczw,Willy Paul's World.
WYRE CHANNEL,UCNYUQwBMQ2bJ4fWrslcPvng,Get access to my journey through music!!
Ythera Music,UChaM6b9SuQpsuqBwMtjv_7g,"Hey there! Welcome to my channel. Karibu :)
My name is Ythera. I'm a performing singer/songwriter and music entrepreneur based  in Nairobi, Kenya.
I'm also a Natural Hair enthusiast and DIY ( Do It Yourself) Lover. I'd love to share with you my passion and interests on my channel. This includes my  Music, Natural Hair Tutorials ,DIY projects and many more. 
Thank you for joining me on this ride!"
Lamaz Span KOB,UCXZwENcot1G6plNMybx0sPQ,www.theogkob.com
Steph,UCnon9GEixFspppKCO9fvutg,"Steph is a Kenyan artist whose sound delivers clever punchlines with sultry undertones. Whether on a cypher, a feature or a full-length track, she goes bar for bar against any MC and is poised to bring a lot of flavor to the music scene."
REKLES,UCNBh_vOvRJEeN1gGOrrTIfw,
Ace Tha Don KE,UCBUGJqOVmGE79oumPCozbbQ,"Official ""Ace Tha Don"" YouTube account.
Future Of Kenyan Hip-hop.
#ALPHA



Ace Tha Don is a prominent rapper and songwriter. He emerged on the scene in 2011 with one goal: To share his talent and passion for music with the world.
Presently considered among artists and fans alike as the 'Future Of Kenyan Hiphop', and a citation to prove so, Ace is undoubtedly one of the best rappers of this generation, and an icon to those that come after him."
MADE IN KIBERA,UC9U1VqY_m61ecTwcyygO4bA,"Made In Kibera Production is the first studio in the heart of Kibera that provides quality audio visual services to the talented and gifted artists from within and outside Kibera at affordable costs.

An initiative by the Kibera Creative Arts ( KiCA) and Spanish organization called Kubuka.
Call us now on +254 700 438 879 | +254 712 681 966
http://www.madeinkibera.org/"
Edu the Rapper,UC6WwzHztNrBLAj3fdWlYC3w,Edu the Rapper is an African Hip Hop movement
Sol Generation TV,UCFH-fh5fyLoS3kMfr-5JB5g,
Bernsoft Group,UCvA9y3H3KY1hZrb2ArZtyPw,
MATATA OFFICIAL,UCJ2XnwRKT0ksT9E1lri1wlg,"MATATA is a kenyan Music artist group that consists of 5 members, Freddy Milanya, Festus Mwenda. Richie Mathu, Marcus Ojiambo, and Ken Kimathi,"
Caleb Awiti,UCmXCZ80Ol6zmSOrpyImGv0Q,
THEE OFFICIAL XTATIC,UCFCrRye00NAgqbdktrUYxkw,"Ôøº

Ria Edna Nyarangi is a Kenyan emcee PKA XTATIC. Hailing from the capital city of Nairobi, Xtatic began her foray into 2012 with an independently produced song, ‚ÄúThe Prep Track‚Äù, which caught the attention of major recording label Sony/RCA. Xtatic would eventually sign a multi-album deal with Sony, making her the first artist in Kenya to sign a recording deal of that magnitude.

Xtatic has been driven by the desire to properly combine the three elements of rap. ‚ÄúIt‚Äôs all about content, flow and delivery for me. It was when she was 17 that Xtatic began making moves into taking the words in her notebooks she‚Äôd been rehearsing privately into a more public space.

She released her three-song EP titled Tatu in the last half of 2019. This is after the Let me Xplain Mixtape released back in 2015, serving as a comeback after a two-year hiatus since she parted ways with Sony Music Africa. 

She now comes back again with yet another amazing compilation, a mixtape, soXial Xperiment."
Billy Black,UCrULn6xfVxnwNQcq45YQEGQ,
YouNeek Studios,UC7CHsyTB0y85tewCdnN3XJw,"YouNeek studios is a hub for ‚ÄúYouNeek‚Äù and creative character-based storytelling and entertainment. Through the use of animation, illustration, film and other popular mediums, our goal is to build a massive library of diverse and eclectic characters that appeal to a broad audience. Simply put, we focus on telling extraordinary stories, about extraordinary characters."
Tetu Shani,UCfHMlfEIH6ZM5NL76Cfvw9g,AfricaSun
Slpn Beauty,UCGiiMK7BQpMLRaRyAibzNAw,Musician/Band
BOONDOCKS GANG,UCcZualQrdRLzrzY3pQ1lN3w,Celebrating our culture
Shukid,UCC3vlgIcoTkSuWSRHqorjeQ,#ShukidSeason
Janice Iche,UCC2Dure_QgC8puq2t5A_SSg,"Artist from Mombasa, Kenya."
POPPA DON,UC5ZjNNtsHZsE_7oH9yJ_3Dg,
Nairobi Sessions,UCaXSlpva1nzD5c05fT92g2w,David 'Blackman' Muthami is a Kenyan Award-Winning Music Producer.
Gazebo Boys 100,UCjrXiNmMX3jm174xmvr--EQ,Music group.
Prisca Ojwang',UCNtDfohyxsaIKqjiDpp5mCw,"Performing Artist | Songwriter

Prisca Ojwang' is inspiring the world through honest words craftily fused and musical melody with a whole lot of soul!"
Mraiya Gang 254,UCrTed2y1n2YFic7d21ndq4w,
Ite melodies,UC_NyWSN0qn3N2tCR9zdM0Hw,"ite melodies was first launched in the year 2015 January 5th main aim to nuture & raise upcoming talents to the best level of their dream.Since then the label has worked & raised big artists including hosting shows for the most famous artists in the country.
ite melodies is a registered company name consisting of other bussineses like movie Shop,Barber Shops & Salons & hoping to establish more bussiness apart from recording studio.We manage & brand artists.
ite (itenyi Dominic) is the main Producer & CEO at the company.
Among the famous artists & groups raised are:
1-BUBAH-(isakusuli)
2-GHETTO MECCIAHS(skele Wuh)
3-MIMOSA(mmhh Cover-Willy Paul & Rayvanny)
4-ITE-(malwedhe Cover)
5-KUNTA GENG-(Pongino/dandia mboko)
6-TRIPPLE C GANG-(tambla)
7-DOGO NUTTY-(the one cover-diamnd)
8-NASH-(thutha)"
EFFJI,UCL-kE1c3dOIwxTECTar5d-w,
BV Accurate,UC43KjDExEniALvc94B1Xi8A,All-round Kenyan artist.
